ID,Team,Number,Name,Position,Height,Weight
3,Anaheim,7,Andrew Cogliano Ā,C,70,184
4,Anaheim,15,"Ryan Getzlaf ""C""Ā",C,76,218
6,Anaheim,17,Ryan Kesler Ā,C,74,208
10,Anaheim,67,Rickard Rakell Ā,C,72,201
13,Anaheim,44,Nate Thompson Ā,C,72,210
26,Arizona,24,Kyle Chipchura Ā,C,74,203
30,Arizona,9,Sam Gagner Ā,C,71,202
31,Arizona,11,"Martin Hanzal ""A""Ā",C,78,226
37,Arizona,50,Antoine Vermette Ā,C,73,198
38,Arizona,14,Joe Vitale Ā,C,71,205
49,Calgary,11,Mikael Backlund Ā,C,72,198
50,Calgary,63,Sam Bennett Ā,C,73,178
52,Calgary,17,Lance Bouma Ā,C,73,210
53,Calgary,32,Paul Byron Ā,C,67,153
54,Calgary,8,Joe Colborne Ā,C,77,213
57,Calgary,60,Markus Granlund Ā,C,71,185
58,Calgary,24,Jiri Hudler Ā,C,70,186
60,Calgary,86,Josh Jooris Ā **,C,72,180
62,Calgary,23,Sean Monahan Ā,C,74,185
64,Calgary,22,Drew Shore Ā,C,75,205
65,Calgary,18,Matt Stajan Ā,C,73,192
79,Edmonton,27,Boyd Gordon Ā,C,72,200
83,Edmonton,51,Anton Lander Ā,C,72,186
84,Edmonton,93,Ryan Nugent-Hopkins Ā,C,72,190
88,Edmonton,8,Derek Roy Ā,C,69,184
101,Los Angeles,77,Jeff Carter Ā,C,76,212
105,Los Angeles,11,"Anze Kopitar ""A""Ā",C,75,224
106,Los Angeles,22,Trevor Lewis Ā,C,73,198
107,Los Angeles,71,Jordan Nolan Ā,C,75,221
109,Los Angeles,10,Mike Richards Ā,C,71,196
110,Los Angeles,28,Jarret Stoll Ā,C,73,213
111,Los Angeles,73,Tyler Toffoli Ā,C,73,196
124,San Jose,39,Logan Couture Ā,C,73,200
125,San Jose,10,Andrew Desjardins Ā,C,73,195
127,San Jose,48,Tomas Hertl Ā,C,74,210
128,San Jose,68,Melker Karlsson Ā,C,72,180
133,San Jose,8,"Joe Pavelski ""A""Ā",C,71,190
136,San Jose,19,"Joe Thornton ""A""Ā",C,76,220
137,San Jose,57,Tommy Wingels Ā,C,72,200
148,Vancouver,13,Nick Bonino Ā,C,73,196
153,Vancouver,53,Bo Horvat Ā,C,72,206
155,Vancouver,27,Shawn Matthias Ā,C,76,223
158,Vancouver,33,"Henrik Sedin ""C""Ā",C,74,188
174,Chicago,16,Marcus Kruger Ā,C,72,186
175,Chicago,42,Joakim Nordstrom Ā,C,73,189
176,Chicago,91,Brad Richards Ā,C,72,199
179,Chicago,65,Andrew Shaw Ā,C,71,179
181,Chicago,86,Teuvo Teravainen Ā,C,71,178
182,Chicago,19,"Jonathan Toews ""C""Ā",C,74,201
195,Colorado,48,Daniel Briere Ā,C,69,174
196,Colorado,24,Marc-Andre Cliche Ā,C,72,202
197,Colorado,9,Matt Duchene Ā,C,71,200
201,Colorado,29,Nathan MacKinnon Ā,C,72,195
204,Colorado,7,John Mitchell Ā,C,73,204
205,Colorado,90,Ryan O'Reilly Ā,C,72,210
207,Colorado,25,Maxime Talbot Ā,C,71,190
209,Colorado,18,Jesse Winchester Ā **,C,73,205
222,Dallas,20,Cody Eakin Ā,C,72,190
224,Dallas,38,"Vernon Fiddler ""A""Ā",C,71,205
227,Dallas,10,Shawn Horcoff Ā,C,73,205
230,Dallas,17,Rich Peverley Ā,C,71,195
233,Dallas,22,Colton Sceviour Ā,C,72,200
234,Dallas,91,Tyler Seguin Ā,C,73,200
235,Dallas,90,Jason Spezza Ā,C,75,220
246,Minnesota,21,Kyle Brodziak Ā,C,74,212
247,Minnesota,18,Ryan Carter Ā,C,73,205
249,Minnesota,3,Charlie Coyle Ā,C,75,221
251,Minnesota,64,Mikael Granlund Ā **,C,70,185
252,Minnesota,56,Erik Haula Ā,C,71,188
253,Minnesota,9,"Mikko Koivu ""C""Ā",C,75,215
257,Minnesota,10,Jordan Schroeder Ā,C,69,176
275,Nashville,7,Matt Cullen Ā,C,73,200
276,Nashville,12,"Mike Fisher ""A""Ā",C,73,215
277,Nashville,9,Filip Forsberg Ā,C,73,186
278,Nashville,28,Paul Gaustad Ā,C,77,223
279,Nashville,19,Calle Jarnkrok Ā,C,71,156
280,Nashville,13,Olli Jokinen Ā,C,74,210
283,Nashville,63,Mike Ribeiro Ā,C,72,177
284,Nashville,15,Craig Smith Ā,C,73,202
286,Nashville,33,Colin Wilson Ā,C,73,216
297,St. Louis,42,"David Backes ""C""Ā",C,75,221
298,St. Louis,21,Patrik Berglund Ā,C,75,217
300,St. Louis,40,Maxim Lapierre Ā,C,74,215
301,St. Louis,12,Jori Lehtera Ā,C,74,210
302,St. Louis,10,Joakim Lindstrom Ā,C,72,187
304,St. Louis,9,Steve Ott Ā,C,72,189
308,St. Louis,26,Paul Stastny Ā,C,72,205
326,Winnipeg,18,Bryan Little Ā,C,71,189
329,Winnipeg,85,Mathieu Perreault Ā,C,70,185
330,Winnipeg,55,Mark Scheifele Ā,C,75,198
331,Winnipeg,19,Jim Slater Ā,C,72,195
346,Boston,37,"Patrice Bergeron ""A""Ā",C,74,194
347,Boston,11,Gregory Campbell Ā,C,72,197
351,Boston,23,"Chris Kelly ""A""Ā",C,72,198
352,Boston,46,"David Krejci ""A""Ā",C,72,188
357,Boston,91,Marc Savard Ā **,C,70,191
359,Boston,34,Carl Soderberg Ā,C,75,216
371,Buffalo,63,Tyler Ennis Ā,C,69,169
372,Buffalo,65,Brian Flynn Ā,C,73,180
375,Buffalo,28,Zemgus Girgensons Ā,C,73,190
376,Buffalo,19,Cody Hodgson Ā,C,72,192
378,Buffalo,8,Cody McCormick Ā **,C,74,224
379,Buffalo,17,Torrey Mitchell Ā,C,71,189
383,Buffalo,84,Philip Varone Ā,C,70,185
395,Detroit,18,Joakim Andersson Ā,C,74,211
397,Detroit,13,"Pavel Datsyuk ""A""Ā",C,71,194
399,Detroit,41,Luke Glendening Ā,C,71,194
400,Detroit,43,Darren Helm Ā,C,72,196
405,Detroit,15,Riley Sheahan Ā,C,75,222
407,Detroit,90,Stephen Weiss Ā,C,71,190
421,Florida,16,Aleksander Barkov Ā,C,75,213
423,Florida,27,Nick Bjugstad Ā,C,78,218
424,Florida,63,"Dave Bolland ""A""Ā",C,72,184
431,Florida,17,"Derek MacKenzie ""A""Ā",C,71,181
432,Florida,73,Brandon Pirri Ā,C,72,183
434,Florida,21,Vincent Trocheck Ā,C,70,182
445,Montreal,51,David Desharnais Ā,C,67,176
446,Montreal,81,Lars Eller Ā,C,74,209
447,Montreal,27,Alex Galchenyuk Ā,C,73,198
449,Montreal,20,Manny Malhotra Ā,C,74,207
452,Montreal,14,"Tomas Plekanec ""A""Ā",C,71,198
471,Ottawa,27,Curtis Lazar Ā,C,72,196
472,Ottawa,17,David Legwand Ā,C,74,205
476,Ottawa,44,Jean-Gabriel Pageau Ā,C,69,175
478,Ottawa,15,Zack Smith Ā **,C,74,210
480,Ottawa,7,Kyle Turris Ā,C,73,191
481,Ottawa,93,Mika Zibanejad Ā,C,74,211
492,Tampa Bay,11,Brian Boyle Ā,C,79,244
497,Tampa Bay,51,Valtteri Filppula Ā,C,72,195
498,Tampa Bay,9,Tyler Johnson Ā,C,69,182
499,Tampa Bay,17,Alex Killorn Ā,C,74,205
503,Tampa Bay,13,Cedric Paquette Ā,C,73,198
504,Tampa Bay,91,"Steven Stamkos ""C""Ā",C,72,190
519,Toronto,42,Tyler Bozak Ā,C,73,195
521,Toronto,24,Peter Holland Ā **,C,74,194
522,Toronto,43,Nazem Kadri Ā,C,72,188
524,Toronto,47,Leo Komarov Ā,C,71,198
526,Toronto,36,Greg McKegg Ā,C,72,191
528,Toronto,25,Mike Santorelli Ā,C,72,189
529,Toronto,26,Daniel Winnik Ā,C,74,207
542,Carolina,16,Elias Lindholm Ā,C,73,192
543,Carolina,24,Brad Malone Ā,C,74,207
544,Carolina,18,Jay McClement Ā,C,73,205
545,Carolina,20,Riley Nash Ā,C,73,200
546,Carolina,15,Andrej Nestrasil Ā,C,75,200
547,Carolina,49,Victor Rask Ā,C,74,200
550,Carolina,12,"Eric Staal ""C""Ā",C,76,205
551,Carolina,11,"Jordan Staal ""A""Ā",C,76,220
564,Columbus,42,Artem Anisimov Ā **,C,76,198
568,Columbus,37,Sean Collins Ā,C,73,198
569,Columbus,17,"Brandon Dubinsky ""A""Ā",C,74,216
571,Columbus,23,Brian Gibbons Ā **,C,68,170
573,Columbus,38,Boone Jenner Ā **,C,74,208
574,Columbus,19,Ryan Johansen Ā,C,75,223
575,Columbus,55,"Mark Letestu ""A""Ā",C,70,199
579,Columbus,41,Alexander Wennberg Ā,C,73,190
594,New Jersey,26,"Patrik Elias ""A""Ā",C,73,195
595,New Jersey,11,Stephen Gionta Ā **,C,67,185
596,New Jersey,21,Scott Gomez Ā,C,71,200
598,New Jersey,14,Adam Henrique Ā,C,72,195
600,New Jersey,16,Jacob Josefson Ā,C,73,190
606,New Jersey,19,"Travis Zajac ""A""Ā",C,75,205
621,New York Islanders,53,Casey Cizikas Ā,C,71,201
624,New York Islanders,84,Mikhail Grabovski Ā,C,71,183
626,New York Islanders,27,Anders Lee Ā,C,75,227
628,New York Islanders,29,Brock Nelson Ā,C,75,206
629,New York Islanders,51,"Frans Nielsen ""A""Ā",C,73,190
631,New York Islanders,18,Ryan Strome Ā,C,73,196
632,New York Islanders,91,"John Tavares ""C""Ā",C,73,209
645,Philadelphia,14,Sean Couturier Ā,C,75,197
646,Philadelphia,28,"Claude Giroux ""C""Ā",C,71,172
647,Philadelphia,49,Scott Laughton Ā,C,73,177
648,Philadelphia,40,Vincent Lecavalier Ā,C,76,215
651,Philadelphia,36,Zac Rinaldo Ā,C,71,169
652,Philadelphia,10,Brayden Schenn Ā,C,73,190
654,Philadelphia,18,R.J. Umberger Ā,C,74,214
655,Philadelphia,76,Chris VandeVelde Ā,C,74,190
673,Pittsburgh,87,"Sidney Crosby ""C""Ā",C,71,200
676,Pittsburgh,25,Andrew Ebbett Ā,C,69,174
677,Pittsburgh,57,Marcel Goc Ā,C,73,197
680,Pittsburgh,71,"Evgeni Malkin ""A""Ā",C,75,195
682,Pittsburgh,38,Zach Sill Ā,C,72,202
683,Pittsburgh,13,Nick Spaling Ā,C,73,201
684,Pittsburgh,16,Brandon Sutter Ā,C,75,190
695,Washington,19,"Nicklas Backstrom ""A""Ā",C,73,208
701,Washington,90,Marcus Johansson Ā,C,73,205
702,Washington,92,Evgeny Kuznetsov Ā,C,72,172
703,Washington,21,"Brooks Laich ""A""Ā",C,74,210
704,Washington,46,Michael Latta Ā,C,72,209
718,New York Rangers,61,Derick Brassard,C,73,200
727,New York Rangers,9,J.T. Miller (A),C,73,218
728,New York Rangers,20,Dominic Moore,C,72,192
729,New York Rangers,38,Chris Mueller,C,70,201
731,New York Rangers,45,James Sheppard,C,73,215
734,New York Rangers,21,Derek Stepan,C,71,196
14,Anaheim,23,"Francois Beauchemin ""A""Ā",D,73,208
15,Anaheim,2,Eric Brewer Ā **,D,76,216
16,Anaheim,28,Mark Fistric Ā,D,74,225
17,Anaheim,4,Cam Fowler Ā,D,73,211
18,Anaheim,47,Hampus Lindholm Ā,D,75,205
19,Anaheim,6,Ben Lovejoy Ā,D,73,206
20,Anaheim,48,Colby Robak Ā,D,75,194
21,Anaheim,3,Clayton Stoner Ā,D,75,212
22,Anaheim,45,Sami Vatanen Ā,D,70,180
39,Arizona,23,Oliver Ekman-Larsson Ā,D,74,200
40,Arizona,33,Brandon Gormley Ā **,D,74,196
41,Arizona,4,Zbynek Michalek Ā,D,74,210
42,Arizona,5,Connor Murphy Ā,D,76,212
43,Arizona,25,Philip Samuelsson Ā,D,74,194
44,Arizona,26,Michael Stone Ā,D,75,210
45,Arizona,20,Chris Summers Ā,D,74,209
46,Arizona,3,"Keith Yandle ""A""Ā",D,73,190
66,Calgary,7,TJ Brodie Ā,D,73,182
67,Calgary,33,Raphael Diaz Ā,D,71,197
68,Calgary,29,Deryk Engelland Ā,D,74,215
69,Calgary,5,"Mark Giordano ""C""Ā",D,72,200
70,Calgary,4,Kris Russell Ā,D,70,173
71,Calgary,15,Ladislav Smid Ā,D,75,209
72,Calgary,6,Dennis Wideman Ā,D,72,200
90,Edmonton,22,Keith Aulie Ā,D,78,222
91,Edmonton,5,Mark Fayne Ā,D,75,215
92,Edmonton,21,Andrew Ference Ā,D,71,184
93,Edmonton,84,Oscar Klefbom Ā,D,75,210
94,Edmonton,86,Nikita Nikitin Ā,D,76,217
95,Edmonton,2,Jeff Petry Ā,D,75,198
96,Edmonton,19,Justin Schultz Ā,D,74,196
113,Los Angeles,8,Drew Doughty Ā,D,73,213
114,Los Angeles,2,"Matt Greene ""A""Ā",D,75,234
115,Los Angeles,27,Alec Martinez Ā,D,73,209
116,Los Angeles,5,Jamie McBain Ā,D,73,181
117,Los Angeles,3,Brayden McNabb Ā,D,76,208
118,Los Angeles,6,Jake Muzzin Ā,D,75,214
119,Los Angeles,44,Robyn Regehr Ā **,D,75,222
120,Los Angeles,26,Slava Voynov Ā,D,72,194
138,San Jose,61,Justin Braun Ā,D,74,205
139,San Jose,88,Brent Burns Ā,D,77,230
140,San Jose,4,Brenden Dillon Ā,D,76,225
141,San Jose,27,Scott Hannan Ā,D,73,215
142,San Jose,52,Matt Irwin Ā,D,74,210
143,San Jose,41,Mirco Mueller Ā **,D,75,205
144,San Jose,80,Matt Tennyson Ā,D,74,205
145,San Jose,44,"Marc-Edouard Vlasic ""A""Ā",D,73,205
161,Vancouver,3,"Kevin Bieksa ""A""Ā",D,73,198
162,Vancouver,23,Alexander Edler Ā,D,75,215
163,Vancouver,2,Dan Hamhuis Ā,D,73,209
164,Vancouver,5,Luca Sbisa Ā,D,74,198
165,Vancouver,18,Ryan Stanton Ā,D,74,196
166,Vancouver,8,Christopher Tanev Ā,D,74,185
167,Vancouver,6,Yannick Weber Ā,D,71,200
184,Chicago,34,Tim Erixon Ā,D,74,200
185,Chicago,4,Niklas Hjalmarsson Ā,D,75,197
186,Chicago,2,"Duncan Keith ""A""Ā",D,73,192
187,Chicago,27,Johnny Oduya Ā,D,72,188
188,Chicago,32,Michal Rozsival Ā,D,73,210
189,Chicago,5,David Rundblad Ā,D,74,187
190,Chicago,7,Brent Seabrook Ā,D,75,220
191,Chicago,57,Trevor van Riemsdyk Ā **,D,74,188
210,Colorado,4,Tyson Barrie Ā,D,70,190
211,Colorado,5,Nate Guenin Ā,D,75,207
212,Colorado,8,Jan Hejda Ā,D,76,230
213,Colorado,2,Nick Holden Ā,D,76,210
214,Colorado,6,Erik Johnson Ā,D,76,232
215,Colorado,22,Zach Redmond Ā,D,74,205
216,Colorado,17,Brad Stuart Ā,D,74,215
217,Colorado,44,Ryan Wilson Ā **,D,73,210
236,Dallas,24,Jordie Benn Ā,D,74,200
237,Dallas,6,"Trevor Daley ""A""Ā",D,71,195
238,Dallas,4,Jason Demers Ā,D,73,195
239,Dallas,33,Alex Goligoski Ā,D,71,190
240,Dallas,3,John Klingberg Ā,D,74,180
241,Dallas,37,Patrik Nemeth Ā **,D,75,230
242,Dallas,5,Jamie Oleksiak Ā,D,79,250
243,Dallas,28,David Schlemko Ā,D,73,190
260,Minnesota,2,Keith Ballard Ā **,D,71,204
261,Minnesota,7,Jonathon Blum Ā,D,73,188
262,Minnesota,25,Jonas Brodin Ā,D,73,194
263,Minnesota,55,Matt Dumba Ā,D,72,189
264,Minnesota,44,Justin Falk Ā **,D,77,215
265,Minnesota,5,Christian Folin Ā,D,75,214
266,Minnesota,39,Nate Prosser Ā,D,74,203
267,Minnesota,6,Marco Scandella Ā **,D,73,205
268,Minnesota,46,Jared Spurgeon Ā,D,69,176
269,Minnesota,20,"Ryan Suter ""A""Ā",D,73,200
287,Nashville,64,Victor Bartley Ā,D,72,203
288,Nashville,14,Mattias Ekholm Ā,D,76,204
289,Nashville,4,Ryan Ellis Ā **,D,70,175
290,Nashville,3,Seth Jones Ā,D,76,205
291,Nashville,59,Roman Josi Ā,D,73,192
292,Nashville,20,Anton Volchenkov Ā,D,73,220
293,Nashville,6,"Shea Weber ""C""Ā",D,76,233
311,St. Louis,19,Jay Bouwmeester Ā,D,76,212
312,St. Louis,25,Chris Butler Ā,D,73,196
313,St. Louis,28,Ian Cole Ā,D,73,219
314,St. Louis,4,Carl Gunnarsson Ā,D,74,196
315,St. Louis,5,"Barret Jackman ""A""Ā",D,72,203
316,St. Louis,27,"Alex Pietrangelo ""A""Ā",D,75,201
317,St. Louis,22,Kevin Shattenkirk Ā,D,71,207
334,Winnipeg,44,Zach Bogosian Ā,D,75,225
335,Winnipeg,33,Dustin Byfuglien Ā,D,77,260
336,Winnipeg,63,Ben Chiarot Ā,D,75,215
337,Winnipeg,24,Grant Clitsome Ā **,D,71,211
338,Winnipeg,39,Toby Enstrom Ā,D,70,180
339,Winnipeg,23,Jay Harrison Ā,D,76,220
340,Winnipeg,2,Adam Pardy Ā,D,76,227
341,Winnipeg,4,Paul Postma Ā,D,75,195
342,Winnipeg,5,"Mark Stuart ""A""Ā",D,74,213
343,Winnipeg,8,Jacob Trouba Ā **,D,74,200
360,Boston,43,Matt Bartkowski Ā,D,73,196
361,Boston,33,"Zdeno Chara ""C""Ā",D,81,255
362,Boston,27,Dougie Hamilton Ā,D,77,212
363,Boston,47,Torey Krug Ā,D,69,181
364,Boston,54,Adam McQuaid Ā,D,77,209
365,Boston,86,Kevan Miller Ā,D,74,210
366,Boston,44,Dennis Seidenberg Ā,D,73,210
384,Buffalo,61,Andre Benoit Ā,D,71,191
385,Buffalo,4,"Josh Gorges ""A""Ā",D,73,201
386,Buffalo,41,Andrej Meszaros Ā,D,74,223
387,Buffalo,57,Tyler Myers Ā,D,80,219
388,Buffalo,55,Rasmus Ristolainen Ā,D,76,219
389,Buffalo,24,Tyson Strachan Ā,D,75,215
390,Buffalo,6,Mike Weber Ā,D,74,212
391,Buffalo,51,Nikita Zadorov Ā,D,77,220
409,Detroit,65,Danny DeKeyser Ā,D,75,191
410,Detroit,52,Jonathan Ericsson Ā,D,76,220
411,Detroit,4,Jakub Kindl Ā **,D,75,199
412,Detroit,55,"Niklas Kronwall ""A""Ā",D,72,194
413,Detroit,23,Brian Lashoff Ā,D,75,221
414,Detroit,61,Xavier Ouellet Ā,D,73,200
415,Detroit,27,Kyle Quincey Ā,D,74,216
416,Detroit,2,Brendan Smith Ā,D,74,211
436,Florida,51,"Brian Campbell ""A""Ā",D,70,192
437,Florida,5,Aaron Ekblad Ā,D,76,216
438,Florida,44,Erik Gudbranson Ā,D,77,216
439,Florida,7,Dmitry Kulikov Ā,D,73,204
440,Florida,33,"Willie Mitchell ""C""Ā",D,75,210
441,Florida,4,Dylan Olsen Ā,D,74,223
457,Montreal,28,Nathan Beaulieu Ā,D,74,194
458,Montreal,74,Alexei Emelin Ā,D,74,217
459,Montreal,77,Tom Gilbert Ā,D,74,204
460,Montreal,55,Sergei Gonchar Ā,D,74,210
461,Montreal,79,"Andrei Markov ""A""Ā",D,72,197
462,Montreal,76,"P.K. Subban ""A""Ā",D,72,214
463,Montreal,43,Mike Weaver Ā,D,70,186
482,Ottawa,74,Mark Borowiecki Ā **,D,74,205
483,Ottawa,5,Cody Ceci Ā,D,75,209
484,Ottawa,2,Jared Cowen Ā,D,77,228
485,Ottawa,62,Eric Gryba Ā,D,76,225
486,Ottawa,65,"Erik Karlsson ""C""Ā",D,72,180
487,Ottawa,3,Marc Methot Ā,D,75,230
488,Ottawa,4,"Chris Phillips ""A""Ā",D,75,220
489,Ottawa,46,Patrick Wiercioch Ā,D,77,206
505,Tampa Bay,8,Mark Barberio Ā,D,73,185
506,Tampa Bay,25,Matthew Carle Ā,D,72,205
507,Tampa Bay,5,Jason Garrison Ā,D,74,218
508,Tampa Bay,7,Radko Gudas Ā,D,72,204
509,Tampa Bay,77,Victor Hedman Ā,D,78,233
510,Tampa Bay,89,Nikita Nesterov Ā,D,72,183
511,Tampa Bay,,Mattias Ohlund Ā,D,76,233
512,Tampa Bay,6,Anton Stralman Ā,D,71,190
513,Tampa Bay,62,Andrej Sustr Ā,D,80,225
514,Tampa Bay,53,Luke Witkowski Ā,D,74,200
531,Toronto,4,Cody Franson Ā,D,77,213
532,Toronto,51,Jake Gardiner Ā,D,74,184
533,Toronto,55,Korbinian Holzer Ā,D,75,205
534,Toronto,3,"Dion Phaneuf ""C""Ā",D,75,214
535,Toronto,46,Roman Polak Ā,D,72,236
536,Toronto,44,Morgan Rielly Ā,D,73,205
537,Toronto,12,"Stephane Robidas ""A""Ā",D,71,190
554,Carolina,73,Brett Bellemore Ā,D,76,225
555,Carolina,27,Justin Faulk Ā,D,72,215
556,Carolina,6,Tim Gleason Ā,D,72,217
557,Carolina,65,Ron Hainsey Ā,D,75,210
558,Carolina,26,John-Michael Liles Ā,D,70,185
559,Carolina,7,Ryan Murphy Ā,D,71,185
560,Carolina,4,Andrej Sekera Ā,D,72,201
580,Columbus,4,Kevin Connauton Ā,D,74,200
581,Columbus,29,Cody Goloubef Ā,D,73,195
582,Columbus,7,"Jack Johnson ""A""Ā",D,73,238
583,Columbus,3,Jordan Leopold Ā,D,73,206
584,Columbus,27,Ryan Murray Ā **,D,73,208
585,Columbus,47,Dalton Prout Ā,D,75,222
586,Columbus,58,David Savard Ā,D,74,219
587,Columbus,51,Fedor Tyutin Ā,D,74,212
588,Columbus,21,James Wisniewski Ā,D,71,203
608,New Jersey,32,Mark Fraser Ā,D,76,220
609,New Jersey,22,Eric Gelinas Ā,D,76,215
610,New Jersey,6,"Andy Greene ""A""Ā",D,71,190
611,New Jersey,10,Peter Harrold Ā,D,71,180
612,New Jersey,5,Adam Larsson Ā,D,75,205
613,New Jersey,7,Jon Merrill Ā,D,75,205
614,New Jersey,24,"Bryce Salvador ""C""Ā **",D,75,215
615,New Jersey,28,Damon Severson Ā **,D,74,205
616,New Jersey,2,Marek Zidlicky Ā,D,71,190
633,New York Islanders,55,Johnny Boychuk Ā,D,74,225
634,New York Islanders,7,Matt Carkner Ā,D,77,233
635,New York Islanders,46,Matt Donovan Ā,D,73,205
636,New York Islanders,3,Travis Hamonic Ā,D,74,217
637,New York Islanders,14,Thomas Hickey Ā,D,72,190
638,New York Islanders,2,Nick Leddy Ā,D,72,194
639,New York Islanders,37,Brian Strait Ā,D,73,209
640,New York Islanders,11,Lubomir Visnovsky Ā,D,70,192
641,New York Islanders,44,Calvin de Haan Ā,D,73,193
657,Philadelphia,5,Braydon Coburn Ā **,D,77,220
658,Philadelphia,26,Carlo Colaiacovo Ā,D,73,200
659,Philadelphia,15,Michael Del Zotto Ā,D,72,195
660,Philadelphia,8,Nicklas Grossmann Ā **,D,76,230
661,Philadelphia,47,Andrew MacDonald Ā,D,73,190
662,Philadelphia,20,Chris Pronger Ā **,D,78,220
663,Philadelphia,22,Luke Schenn Ā,D,74,229
664,Philadelphia,55,Nick Schultz Ā,D,73,203
665,Philadelphia,32,"Mark Streit ""A""Ā",D,71,191
685,Pittsburgh,41,Robert Bortuzzo Ā,D,76,215
686,Pittsburgh,47,Simon Despres Ā,D,76,214
687,Pittsburgh,10,Christian Ehrhoff Ā,D,74,205
688,Pittsburgh,6,Scott Harrington Ā,D,74,201
689,Pittsburgh,58,Kris Letang Ā,D,72,201
690,Pittsburgh,3,Olli Maatta Ā **,D,74,206
691,Pittsburgh,7,Paul Martin Ā,D,73,200
692,Pittsburgh,4,Rob Scuderi Ā,D,73,212
708,Washington,27,Karl Alzner Ā,D,74,217
709,Washington,74,John Carlson Ā,D,75,212
710,Washington,4,John Erskine Ā,D,76,220
711,Washington,52,"Mike Green ""A""Ā",D,73,207
712,Washington,38,Jack Hillen Ā,D,70,190
713,Washington,2,Matt Niskanen Ā,D,72,209
714,Washington,61,Steve Oleksy Ā,D,72,190
715,Washington,44,Brooks Orpik Ā,D,74,219
736,New York Rangers,22,Dan Boyle,D,71,194
737,New York Rangers,5,Dan Girardi,D,73,212
738,New York Rangers,48,Matt Hunwick,D,71,194
739,New York Rangers,8,Kevin Klein,D,73,206
740,New York Rangers,21,Michael Kostka,D,73,210
741,New York Rangers,27,Ryan McDonagh (A),D,73,215
742,New York Rangers,25,Dylan McIlrath,D,77,232
743,New York Rangers,2,John Moore,D,75,207
744,New York Rangers,18,Marc Staal,D,76,208
745,New York Rangers,55,Chris Summers,D,74,207
746,New York Rangers,3,Keith Yandle,D,73,192
23,Anaheim,31,Frederik Andersen Ā,G,75,236
24,Anaheim,80,Ilya Bryzgalov Ā,G,75,213
47,Arizona,31,Michael Lee Ā,G,73,185
48,Arizona,41,Mike Smith Ā,G,76,215
73,Calgary,1,Jonas Hiller Ā,G,74,192
74,Calgary,37,Joni Ortio Ā,G,73,185
75,Calgary,31,Karri Ramo Ā **,G,74,206
97,Edmonton,35,Viktor Fasth Ā,G,72,181
98,Edmonton,30,Ben Scrivens Ā,G,74,181
121,Los Angeles,31,Martin Jones Ā,G,76,187
122,Los Angeles,32,Jonathan Quick Ā,G,73,220
146,San Jose,31,Antti Niemi Ā,G,74,210
147,San Jose,32,Alex Stalock Ā,G,72,190
168,Vancouver,31,Eddie Lack Ā,G,76,187
169,Vancouver,30,Ryan Miller Ā,G,74,168
192,Chicago,50,Corey Crawford Ā,G,74,216
193,Chicago,31,Antti Raanta Ā,G,72,193
218,Colorado,31,Calvin Pickard Ā,G,73,200
219,Colorado,1,Semyon Varlamov Ā,G,74,209
244,Dallas,32,Kari Lehtonen Ā,G,76,210
245,Dallas,29,Anders Lindback Ā,G,78,215
270,Minnesota,32,Niklas Backstrom Ā,G,74,194
271,Minnesota,40,Devan Dubnyk Ā,G,78,210
272,Minnesota,35,Darcy Kuemper Ā **,G,77,205
294,Nashville,30,Carter Hutton Ā,G,73,195
295,Nashville,39,Marek Mazanec Ā,G,76,187
296,Nashville,35,Pekka Rinne Ā,G,77,204
318,St. Louis,34,Jake Allen Ā,G,74,195
319,St. Louis,30,Martin Brodeur Ā,G,74,220
320,St. Louis,1,Brian Elliott Ā,G,74,209
344,Winnipeg,34,Michael Hutchinson Ā,G,75,202
345,Winnipeg,31,Ondrej Pavelec Ā,G,75,218
367,Boston,40,Tuukka Rask Ā,G,74,185
368,Boston,72,Niklas Svedberg Ā,G,72,176
392,Buffalo,1,Jhonas Enroth Ā,G,70,166
393,Buffalo,34,Michal Neuvirth Ā,G,73,209
417,Detroit,50,Jonas Gustavsson Ā **,G,76,212
418,Detroit,35,Jimmy Howard Ā **,G,73,218
419,Detroit,38,Tom McCollum Ā,G,74,226
420,Detroit,34,Petr Mrazek Ā,G,74,183
442,Florida,1,Roberto Luongo Ā,G,75,217
443,Florida,35,Al Montoya Ā,G,74,203
464,Montreal,39,Joey MacDonald Ā,G,72,197
465,Montreal,31,Carey Price Ā,G,75,216
466,Montreal,35,Dustin Tokarski Ā,G,71,195
490,Ottawa,41,Craig Anderson Ā,G,74,184
491,Ottawa,40,Robin Lehner Ā,G,77,225
515,Tampa Bay,30,Ben Bishop Ā,G,79,214
516,Tampa Bay,20,Evgeni Nabokov Ā,G,72,202
538,Toronto,45,Jonathan Bernier Ā,G,72,185
539,Toronto,34,James Reimer Ā,G,74,208
561,Carolina,31,Anton Khudobin Ā,G,71,203
562,Carolina,30,Cam Ward Ā,G,73,185
589,Columbus,72,Sergei Bobrovsky Ā,G,74,182
590,Columbus,30,Curtis McElhinney Ā,G,75,205
617,New Jersey,1,Keith Kinkaid Ā,G,74,195
618,New Jersey,35,Cory Schneider Ā,G,74,205
642,New York Islanders,41,Jaroslav Halak Ā,G,71,186
643,New York Islanders,30,Chad Johnson Ā,G,75,193
666,Philadelphia,29,Ray Emery Ā,G,74,196
667,Philadelphia,35,Steve Mason Ā,G,76,217
668,Philadelphia,72,Rob Zepp Ā,G,72,181
693,Pittsburgh,29,Marc-Andre Fleury Ā,G,74,180
694,Pittsburgh,1,Thomas Greiss Ā,G,73,220
716,Washington,70,Braden Holtby Ā,G,74,203
717,Washington,35,Justin Peters Ā,G,73,210
747,New York Rangers,30,Henrik Lundqvist,G,73,182
748,New York Rangers,33,Cam Talbot,G,76,201
1,Anaheim,39,Matt Beleskey Ā,L,72,204
2,Anaheim,14,Rene Bourque Ā,L,74,214
7,Anaheim,19,Patrick Maroon Ā,L,74,231
25,Arizona,89,Mikkel Boedker Ā,L,72,211
32,Arizona,28,Lauri Korpikoski Ā,L,73,205
33,Arizona,38,Lucas Lessio Ā,L,73,212
34,Arizona,22,Brandon McMillan Ā,L,71,190
51,Calgary,25,Brandon Bollig Ā,L,74,223
55,Calgary,13,Johnny Gaudreau Ā,L,69,150
56,Calgary,20,"Curtis Glencross ""A""Ā",L,73,197
63,Calgary,21,Mason Raymond Ā,L,72,185
78,Edmonton,20,Luke Gazdic Ā,L,76,233
80,Edmonton,4,Taylor Hall Ā,L,73,198
81,Edmonton,23,Matt Hendricks Ā,L,72,211
82,Edmonton,12,Rob Klinkhammer Ā,L,75,214
86,Edmonton,67,Benoit Pouliot Ā,L,75,193
99,Los Angeles,15,Andy Andreoff Ā,L,73,207
102,Los Angeles,13,Kyle Clifford Ā,L,74,211
104,Los Angeles,74,Dwight King Ā,L,76,230
108,Los Angeles,70,Tanner Pearson Ā **,L,73,200
130,San Jose,12,"Patrick Marleau ""A""Ā",L,74,220
131,San Jose,25,Tye McGinn Ā,L,74,205
132,San Jose,83,Matt Nieto Ā,L,71,190
134,San Jose,20,John Scott Ā,L,80,260
135,San Jose,15,James Sheppard Ā,L,73,215
152,Vancouver,20,Chris Higgins Ā,L,72,205
157,Vancouver,22,"Daniel Sedin ""A""Ā",L,73,187
170,Chicago,29,Bryan Bickell Ā,L,76,223
171,Chicago,13,Daniel Carcillo Ā,L,72,200
177,Chicago,20,Brandon Saad Ā,L,73,204
178,Chicago,10,"Patrick Sharp ""A""Ā",L,73,198
183,Chicago,23,Kris Versteeg Ā,L,71,176
194,Colorado,58,Patrick Bordeleau Ā **,L,78,225
200,Colorado,92,"Gabriel Landeskog ""C""Ā",L,73,210
202,Colorado,11,Jamie McGinn Ā **,L,73,210
203,Colorado,55,"Cody McLeod ""A""Ā",L,74,210
208,Colorado,40,Alex Tanguay Ā,L,73,194
220,Dallas,14,"Jamie Benn ""C""Ā",L,74,210
221,Dallas,72,Erik Cole Ā,L,74,205
225,Dallas,16,Ryan Garbutt Ā,L,72,195
228,Dallas,27,Travis Moen Ā,L,74,212
232,Dallas,21,Antoine Roussel Ā,L,72,200
248,Minnesota,24,Matt Cooke Ā,L,71,216
255,Minnesota,11,"Zach Parise ""A""Ā",L,71,197
258,Minnesota,26,Thomas Vanek Ā,L,74,218
259,Minnesota,16,Jason Zucker Ā,L,71,188
273,Nashville,41,Taylor Beck Ā,L,74,203
274,Nashville,57,Gabriel Bourque Ā,L,70,192
281,Nashville,18,"James Neal ""A""Ā",L,74,208
282,Nashville,24,Eric Nystrom Ā **,L,73,193
285,Nashville,25,Viktor Stalberg Ā,L,75,209
305,St. Louis,32,Chris Porter Ā **,L,73,206
307,St. Louis,17,Jaden Schwartz Ā,L,70,190
309,St. Louis,20,"Alexander Steen ""A""Ā",L,71,212
322,Winnipeg,21,TJ Galiardi Ā,L,74,185
324,Winnipeg,9,Evander Kane Ā,L,74,198
325,Winnipeg,16,"Andrew Ladd ""C""Ā",L,75,200
327,Winnipeg,17,Adam Lowry Ā,L,77,207
353,Boston,17,Milan Lucic Ā,L,75,235
354,Boston,63,Brad Marchand Ā,L,69,183
355,Boston,20,Daniel Paille Ā,L,73,200
369,Buffalo,44,Nicolas Deslauriers Ā,L,73,209
370,Buffalo,37,Matt Ellis Ā,L,72,208
373,Buffalo,82,Marcus Foligno Ā **,L,75,223
380,Buffalo,26,"Matt Moulson ""A""Ā",L,73,200
394,Detroit,8,Justin Abdelkader Ā,L,74,218
402,Detroit,20,Drew Miller Ā,L,74,180
404,Detroit,56,Teemu Pulkkinen Ā,L,71,183
406,Detroit,21,Tomas Tatar Ā,L,70,185
408,Detroit,40,"Henrik Zetterberg ""C""Ā",L,72,195
422,Florida,20,Sean Bergenheim Ā,L,70,201
426,Florida,14,Tomas Fleischmann Ā,L,73,192
428,Florida,11,Jonathan Huberdeau Ā,L,73,188
429,Florida,36,Jussi Jokinen Ā,L,71,198
433,Florida,22,Shawn Thornton Ā **,L,74,217
435,Florida,19,"Scottie Upshall ""A""Ā",L,72,200
444,Montreal,49,Michael Bournival Ā,L,71,195
450,Montreal,67,"Max Pacioretty ""A""Ā",L,74,214
453,Montreal,8,Brandon Prust Ā,L,72,195
454,Montreal,26,Jiri Sekac Ā,L,74,195
455,Montreal,60,Christian Thomas Ā,L,69,176
469,Ottawa,14,Colin Greening Ā,L,75,210
470,Ottawa,68,Mike Hoffman Ā,L,72,185
473,Ottawa,16,Clarke MacArthur Ā,L,72,195
474,Ottawa,9,Milan Michalek Ā,L,74,216
496,Tampa Bay,27,Jonathan Drouin Ā,L,71,186
501,Tampa Bay,10,Brenden Morrow Ā,L,72,205
502,Tampa Bay,18,Ondrej Palat Ā,L,72,180
518,Toronto,20,David Booth Ā,L,72,212
525,Toronto,19,"Joffrey Lupul ""A""Ā **",L,73,206
530,Toronto,21,James van Riemsdyk Ā,L,75,200
541,Carolina,14,Nathan Gerbe Ā,L,65,178
549,Carolina,53,Jeff Skinner Ā,L,71,200
552,Carolina,25,Chris Terry Ā,L,70,195
553,Carolina,19,Jiri Tlusty Ā,L,72,209
567,Columbus,11,Matt Calvert Ā,L,71,187
570,Columbus,71,Nick Foligno Ā,L,72,210
572,Columbus,43,Scott Hartnell Ā,L,74,210
576,Columbus,9,Jeremy Morin Ā,L,73,189
592,New Jersey,23,Mike Cammalleri Ā,L,69,190
593,New Jersey,29,Ryane Clowe Ā **,L,75,225
597,New Jersey,9,Martin Havlat Ā,L,74,210
601,New Jersey,15,Tuomo Ruutu Ā **,L,72,205
603,New Jersey,12,Tim Sestito Ā,L,71,195
605,New Jersey,33,Joe Whitney Ā,L,66,170
607,New Jersey,8,Dainius Zubrus Ā,L,77,225
619,New York Islanders,12,Josh Bailey Ā,L,73,194
620,New York Islanders,36,Eric Boulton Ā,L,72,225
625,New York Islanders,86,Nikolay Kulemin Ā,L,73,226
627,New York Islanders,17,Matt Martin Ā,L,75,215
644,Philadelphia,78,Pierre-Edouard Bellemare Ā,L,72,198
649,Philadelphia,12,Michael Raffl Ā,L,72,195
672,Pittsburgh,17,Blake Comeau Ā **,L,73,202
679,Pittsburgh,14,"Chris Kunitz ""A""Ā",L,72,195
681,Pittsburgh,39,David Perron Ā,L,72,200
698,Washington,65,Andre Burakovsky Ā,L,75,198
699,Washington,25,Jason Chimera Ā,L,75,213
719,New York Rangers,10,Anthony Duclair,L,71,197
721,New York Rangers,15,Tanner Glass,L,73,213
722,New York Rangers,62,Carl Hagelin *,L,72,183
724,New York Rangers,20,Chris Kreider (A),L,75,230
725,New York Rangers,24,Oscar Lindberg,L,73,202
726,New York Rangers,12,Ryan Malone,L,76,224
730,New York Rangers,61,Rick Nash,L,76,211
5,Anaheim,18,Tim Jackman Ā,R,74,224
8,Anaheim,21,Kyle Palmieri Ā,R,71,196
9,Anaheim,10,"Corey Perry ""A""Ā",R,75,213
11,Anaheim,33,Jakob Silfverberg Ā,R,72,199
12,Anaheim,12,Devante Smith-Pelly Ā,R,72,220
27,Arizona,44,B.J. Crombeen Ā,R,74,209
28,Arizona,19,"Shane Doan ""C""Ā",R,73,223
29,Arizona,10,Martin Erat Ā,R,72,196
35,Arizona,18,David Moss Ā,R,76,210
36,Arizona,8,Tobias Rieder Ā,R,71,185
59,Calgary,19,David Jones Ā,R,74,210
61,Calgary,16,Brian McGrattan Ā,R,76,235
76,Edmonton,14,Jordan Eberle Ā,R,71,183
77,Edmonton,28,Matt Fraser Ā,R,73,204
85,Edmonton,15,Tyler Pitlick Ā **,R,72,202
87,Edmonton,16,Teddy Purcell Ā,R,74,198
89,Edmonton,10,Nail Yakupov Ā,R,71,197
100,Los Angeles,23,"Dustin Brown ""C""Ā",R,72,207
103,Los Angeles,12,Marian Gaborik Ā,R,73,204
112,Los Angeles,14,Justin Williams Ā,R,73,189
123,San Jose,18,Mike Brown Ā **,R,71,205
126,San Jose,89,Barclay Goodrow Ā,R,74,215
129,San Jose,81,Tyler Kennedy Ā,R,71,185
149,Vancouver,14,Alexandre Burrows Ā,R,73,188
150,Vancouver,51,Derek Dorsett Ā,R,72,192
151,Vancouver,36,Jannik Hansen Ā,R,73,195
154,Vancouver,9,Zack Kassian Ā,R,75,214
156,Vancouver,15,Brad Richardson Ā,R,72,197
159,Vancouver,7,Linden Vey Ā,R,72,189
160,Vancouver,17,Radim Vrbata Ā,R,73,194
172,Chicago,81,Marian Hossa Ā,R,73,207
173,Chicago,88,Patrick Kane Ā,R,71,177
180,Chicago,28,Ben Smith Ā,R,71,199
198,Colorado,45,Dennis Everberg Ā,R,76,205
199,Colorado,12,"Jarome Iginla ""A""Ā",R,73,210
206,Colorado,71,Borna Rendulic Ā,R,74,200
223,Dallas,18,Patrick Eaves Ā **,R,72,200
226,Dallas,83,Ales Hemsky Ā,R,72,185
229,Dallas,43,Valeri Nichushkin Ā **,R,76,210
231,Dallas,25,Brett Ritchie Ā,R,75,220
250,Minnesota,14,Justin Fontaine Ā,R,70,175
254,Minnesota,22,Nino Niederreiter Ā,R,74,210
256,Minnesota,29,Jason Pominville Ā,R,72,187
299,St. Louis,23,Dmitrij Jaskin Ā,R,74,196
303,St. Louis,74,"T.J. Oshie ""A""Ā",R,71,189
306,St. Louis,75,Ryan Reaves Ā,R,73,224
310,St. Louis,91,Vladimir Tarasenko Ā,R,72,219
321,Winnipeg,67,Michael Frolik Ā,R,73,200
323,Winnipeg,15,Matt Halischuk Ā,R,71,180
328,Winnipeg,14,Anthony Peluso Ā,R,75,235
332,Winnipeg,22,Chris Thorburn Ā,R,75,235
333,Winnipeg,26,Blake Wheeler Ā,R,77,225
348,Boston,38,Jordan Caron Ā,R,75,204
349,Boston,61,Craig Cunningham Ā,R,70,184
350,Boston,21,Loui Eriksson Ā,R,74,196
356,Boston,88,David Pastrnak Ā,R,72,167
358,Boston,18,Reilly Smith Ā,R,72,185
374,Buffalo,12,"Brian Gionta ""C""Ā **",R,67,176
377,Buffalo,36,Patrick Kaleta Ā,R,73,198
381,Buffalo,21,Drew Stafford Ā,R,74,214
382,Buffalo,80,Chris Stewart Ā,R,74,231
396,Detroit,11,Daniel Cleary Ā,R,73,205
398,Detroit,93,Johan Franzen Ā **,R,76,232
401,Detroit,26,Tomas Jurco Ā,R,73,203
403,Detroit,14,Gustav Nyquist Ā,R,71,183
425,Florida,24,Brad Boyes Ā,R,72,195
427,Florida,12,Jimmy Hayes Ā,R,78,221
430,Florida,82,Tomas Kopecky Ā,R,75,210
448,Montreal,11,Brendan Gallagher Ā,R,69,182
451,Montreal,15,Pierre-Alexandre Parenteau Ā,R,72,197
456,Montreal,22,Dale Weise Ā,R,74,205
467,Ottawa,90,Alex Chiasson Ā,R,76,205
468,Ottawa,22,Erik Condra Ā,R,72,190
475,Ottawa,25,"Chris Neil ""A""Ā **",R,73,215
477,Ottawa,6,Bobby Ryan Ā,R,74,207
479,Ottawa,61,Mark Stone Ā,R,74,205
493,Tampa Bay,23,J.T. Brown Ā,R,70,170
494,Tampa Bay,24,Ryan Callahan Ā,R,71,190
495,Tampa Bay,14,Brett Connolly Ā,R,74,181
500,Tampa Bay,86,Nikita Kucherov Ā,R,71,171
517,Toronto,37,Carter Ashton Ā,R,75,215
520,Toronto,71,David Clarkson Ā,R,73,200
523,Toronto,81,Phil Kessel Ā,R,72,202
527,Toronto,18,Richard Panik Ā,R,73,208
540,Carolina,39,Patrick Dwyer Ā,R,71,175
548,Carolina,28,Alexander Semin Ā,R,74,209
563,Columbus,53,Josh Anderson Ā,R,75,212
565,Columbus,13,Cam Atkinson Ā,R,68,174
566,Columbus,40,"Jared Boll ""A""Ā",R,75,214
577,Columbus,10,Jack Skille Ā **,R,73,216
578,Columbus,26,Corey Tropp Ā,R,72,185
591,New Jersey,18,Steve Bernier Ā,R,75,215
599,New Jersey,68,Jaromir Jagr Ā,R,75,230
602,New Jersey,17,Michael Ryder Ā,R,73,200
604,New Jersey,20,Jordin Tootoo Ā,R,69,195
622,New York Islanders,15,Cal Clutterbuck Ā,R,71,215
623,New York Islanders,40,Michael Grabner Ā,R,73,202
630,New York Islanders,21,"Kyle Okposo ""A""Ā",R,72,217
650,Philadelphia,24,Matt Read Ā,R,70,185
653,Philadelphia,17,"Wayne Simmonds ""A""Ā",R,74,183
656,Philadelphia,93,Jakub Voracek Ā,R,74,214
669,Pittsburgh,27,Craig Adams Ā,R,72,200
670,Pittsburgh,26,Mark Arcobello Ā,R,68,172
671,Pittsburgh,19,Beau Bennett Ā,R,74,195
674,Pittsburgh,23,Steve Downie Ā,R,71,191
675,Pittsburgh,9,Pascal Dupuis Ā **,R,73,205
678,Pittsburgh,72,Patric Hornqvist Ā **,R,71,189
696,Washington,83,Jay Beagle Ā,R,75,215
697,Washington,20,Troy Brouwer Ā,R,75,213
700,Washington,16,Eric Fehr Ā,R,76,212
705,Washington,8,"Alex Ovechkin ""C""Ā",R,75,230
706,Washington,42,Joel Ward Ā,R,73,226
707,Washington,43,Tom Wilson Ā,R,76,210
720,New York Rangers,71,Jesper Fast,R,73,191
723,New York Rangers,12,Kevin Hayes,R,77,216
732,New York Rangers,26,Martin St. Louis,R,68,180
733,New York Rangers,18,Lee Stempniak,R,71,195
735,New York Rangers,36,Mats Zuccarello,R,68,181
